{"cameraMode":{"drawMode":0,"name":"Shaded","section":"Shading Mode"},"sceneLighting":true,"audioPlay":false,"sceneViewState":{"m_AlwaysRefresh":false,"showFog":true,"showSkybox":true,"showFlares":true,"showImageEffects":true,"showParticleSystems":true,"showVisualEffectGraphs":true,"m_FxEnabled":true},"in2DMode":false,"pivot":{"x":-4.970728874206543,"y":0.6954824924468994,"z":-3.620295524597168},"rotation":{"x":-0.09956295043230057,"y":0.41535136103630068,"z":-0.04579358920454979,"w":-0.9030369520187378},"size":10.063775062561036,"orthographic":false}