{"cameraMode":{"drawMode":0,"name":"Shaded","section":"Shading Mode"},"sceneLighting":true,"audioPlay":false,"sceneViewState":{"m_AlwaysRefresh":false,"showFog":true,"showSkybox":true,"showFlares":true,"showImageEffects":true,"showParticleSystems":true,"showVisualEffectGraphs":true,"m_FxEnabled":true},"in2DMode":false,"pivot":{"x":-0.20452122390270234,"y":-1.2896615266799927,"z":-0.6284520626068115},"rotation":{"x":0.016189470887184144,"y":0.0005970048368908465,"z":0.000013993797438160982,"w":-0.9998718500137329},"size":4.228697299957275,"orthographic":false}